[{"model": "admin.logentry", "pk": 1, "fields": {"action_time": "2021-04-07T14:57:52.439Z", "user": 1, "content_type": 7, "object_id": "1", "object_repr": "winefulness.example.com", "action_flag": 2, "change_message": "[{\"changed\": {\"fields\": [\"Domain name\", \"Display name\"]}}]"}}, {"model": "admin.logentry", "pk": 2, "fields": {"action_time": "2021-04-07T16:17:09.312Z", "user": 1, "content_type": 8, "object_id": "1", "object_repr": "n.spigaglia@gmail.com", "action_flag": 1, "change_message": "[{\"added\": {}}]"}}, {"model": "admin.logentry", "pk": 3, "fields": {"action_time": "2021-04-19T11:43:00.434Z", "user": 1, "content_type": 13, "object_id": "1", "object_repr": "Wine_box", "action_flag": 1, "change_message": "[{\"added\": {}}]"}}, {"model": "admin.logentry", "pk": 4, "fields": {"action_time": "2021-04-19T11:58:11.191Z", "user": 1, "content_type": 14, "object_id": "1", "object_repr": "Red Wine Around", "action_flag": 1, "change_message": "[{\"added\": {}}]"}}, {"model": "admin.logentry", "pk": 5, "fields": {"action_time": "2021-05-06T09:55:27.134Z", "user": 1, "content_type": 13, "object_id": "1", "object_repr": "red", "action_flag": 2, "change_message": "[{\"changed\": {\"fields\": [\"Name\", \"Friendly name\"]}}]"}}, {"model": "admin.logentry", "pk": 6, "fields": {"action_time": "2021-05-06T16:28:07.131Z", "user": 2, "content_type": 4, "object_id": "1", "object_repr": "Nicola230", "action_flag": 2, "change_message": "[{\"changed\": {\"fields\": [\"Username\"]}}]"}}, {"model": "admin.logentry", "pk": 7, "fields": {"action_time": "2021-05-06T16:28:10.052Z", "user": 1, "content_type": 4, "object_id": "1", "object_repr": "Nicola2309", "action_flag": 2, "change_message": "[{\"changed\": {\"fields\": [\"Username\"]}}]"}}, {"model": "admin.logentry", "pk": 8, "fields": {"action_time": "2021-05-06T16:28:19.815Z", "user": 2, "content_type": 4, "object_id": "1", "object_repr": "Nicola23099", "action_flag": 2, "change_message": "[{\"changed\": {\"fields\": [\"Username\"]}}]"}}, {"model": "admin.logentry", "pk": 9, "fields": {"action_time": "2021-05-06T16:28:30.121Z", "user": 1, "content_type": 4, "object_id": "2", "object_repr": "a", "action_flag": 2, "change_message": "[{\"changed\": {\"fields\": [\"Superuser status\"]}}]"}}, {"model": "admin.logentry", "pk": 10, "fields": {"action_time": "2021-05-06T16:29:26.941Z", "user": 1, "content_type": 4, "object_id": "1", "object_repr": "Nicola23099", "action_flag": 2, "change_message": "[]"}}, {"model": "admin.logentry", "pk": 11, "fields": {"action_time": "2021-05-06T16:29:39.684Z", "user": 1, "content_type": 4, "object_id": "2", "object_repr": "a", "action_flag": 2, "change_message": "[{\"changed\": {\"fields\": [\"Staff status\"]}}]"}}, {"model": "admin.logentry", "pk": 12, "fields": {"action_time": "2021-05-06T16:40:44.698Z", "user": 3, "content_type": 4, "object_id": "1", "object_repr": "Nicola23099", "action_flag": 2, "change_message": "[{\"changed\": {\"fields\": [\"Email address\", \"Staff status\", \"Superuser status\"]}}]"}}, {"model": "admin.logentry", "pk": 13, "fields": {"action_time": "2021-05-06T16:40:58.707Z", "user": 3, "content_type": 4, "object_id": "1", "object_repr": "Nicola2309", "action_flag": 2, "change_message": "[{\"changed\": {\"fields\": [\"Username\"]}}]"}}, {"model": "admin.logentry", "pk": 14, "fields": {"action_time": "2021-05-07T09:52:12.568Z", "user": 3, "content_type": 13, "object_id": "2", "object_repr": "white", "action_flag": 1, "change_message": "[{\"added\": {}}]"}}, {"model": "admin.logentry", "pk": 15, "fields": {"action_time": "2021-05-07T09:52:27.979Z", "user": 3, "content_type": 13, "object_id": "3", "object_repr": "sparkling", "action_flag": 1, "change_message": "[{\"added\": {}}]"}}, {"model": "admin.logentry", "pk": 16, "fields": {"action_time": "2021-05-12T09:02:15.944Z", "user": 3, "content_type": 8, "object_id": "1", "object_repr": "n.spigaglia@gmail.com", "action_flag": 2, "change_message": "[]"}}, {"model": "admin.logentry", "pk": 17, "fields": {"action_time": "2021-05-21T13:33:19.246Z", "user": 3, "content_type": 19, "object_id": "1", "object_repr": "Best Winemaker ever", "action_flag": 1, "change_message": "[{\"added\": {}}]"}}, {"model": "admin.logentry", "pk": 18, "fields": {"action_time": "2021-05-26T03:12:07.997Z", "user": 3, "content_type": 8, "object_id": "1", "object_repr": "sadnj@ons.com", "action_flag": 2, "change_message": "[{\"changed\": {\"fields\": [\"E-mail address\", \"Verified\", \"Primary\"]}}]"}}, {"model": "admin.logentry", "pk": 19, "fields": {"action_time": "2021-05-26T03:12:38.242Z", "user": 3, "content_type": 4, "object_id": "3", "object_repr": "NicolaS", "action_flag": 2, "change_message": "[]"}}, {"model": "admin.logentry", "pk": 20, "fields": {"action_time": "2021-05-26T03:13:17.138Z", "user": 3, "content_type": 8, "object_id": "4", "object_repr": "n.spigaglia@gmail.com", "action_flag": 1, "change_message": "[{\"added\": {}}]"}}, {"model": "admin.logentry", "pk": 21, "fields": {"action_time": "2021-05-26T15:21:30.286Z", "user": 3, "content_type": 13, "object_id": "2", "object_repr": "white", "action_flag": 2, "change_message": "[{\"changed\": {\"fields\": [\"Friendly name\"]}}]"}}, {"model": "admin.logentry", "pk": 22, "fields": {"action_time": "2021-05-26T15:21:34.715Z", "user": 3, "content_type": 13, "object_id": "1", "object_repr": "red", "action_flag": 2, "change_message": "[]"}}, {"model": "admin.logentry", "pk": 23, "fields": {"action_time": "2021-05-26T15:21:48.632Z", "user": 3, "content_type": 13, "object_id": "3", "object_repr": "sparkling", "action_flag": 2, "change_message": "[{\"changed\": {\"fields\": [\"Friendly name\"]}}]"}}, {"model": "admin.logentry", "pk": 24, "fields": {"action_time": "2021-05-26T16:43:04.673Z", "user": 3, "content_type": 13, "object_id": "3", "object_repr": "sparkling", "action_flag": 2, "change_message": "[{\"changed\": {\"fields\": [\"Friendly name\"]}}]"}}, {"model": "auth.user", "pk": 1, "fields": {"password": "pbkdf2_sha256$260000$RJQDFYCl2ovAANj2CgsAGv$4vdNDp3s3N12K9KlQ50nhnLkqaJTMbnKzVEVZ/CYwSI=", "last_login": "2021-05-26T03:09:03.435Z", "is_superuser": false, "username": "Nicola2309", "first_name": "", "last_name": "", "email": "yusfadg@gsd.it", "is_staff": false, "is_active": true, "date_joined": "2021-04-07T13:45:10Z", "groups": [], "user_permissions": []}}, {"model": "auth.user", "pk": 2, "fields": {"password": "pbkdf2_sha256$260000$gycFiyZpyzIVvRkk1CTxqt$RBSoXoJfYlQ40Qd77haI0ltGcXl/cC5Ed2ubLkFd5n0=", "last_login": "2021-05-06T16:19:44Z", "is_superuser": false, "username": "a", "first_name": "", "last_name": "", "email": "qwe@qwe.qwe", "is_staff": false, "is_active": true, "date_joined": "2021-05-06T16:19:15Z", "groups": [], "user_permissions": []}}, {"model": "auth.user", "pk": 3, "fields": {"password": "pbkdf2_sha256$260000$OSPkxFWN1NtswXVCyr9l1v$TNpH+lFXeWEVYKjvQ3lbGDpVwO5YRj4aFHH6opGnOnQ=", "last_login": "2021-05-26T03:09:35Z", "is_superuser": true, "username": "NicolaS", "first_name": "", "last_name": "", "email": "n.spigaglia@gmail.com", "is_staff": true, "is_active": true, "date_joined": "2021-05-06T16:38:04Z", "groups": [], "user_permissions": []}}, {"model": "auth.user", "pk": 4, "fields": {"password": "pbkdf2_sha256$260000$KMUyGWY0eGFzuHT1GF6au0$xklmi3ki0MSyRtyaWbrt1yg50CZds0G6vcKQXsQosNg=", "last_login": null, "is_superuser": false, "username": "jbjkhv", "first_name": "", "last_name": "", "email": "uyf@kjg.it", "is_staff": false, "is_active": true, "date_joined": "2021-05-19T17:39:24.333Z", "groups": [], "user_permissions": []}}, {"model": "sessions.session", "pk": "50hfz6aztuohy7aaathnhbqxgfn7i1hx", "fields": {"session_data": ".eJxVjMsOwiAQRf-FtSEUykOX7v0GMgODRQ2Y0iYa478rSRe6vefc82Ie1mXya6PZ58gObGC73w0hXKl0EC9QzpWHWpY5I-8K32jjpxrpdtzcv8AEbepvtDLi4HAPyRkVZDCkIpIahRAa7WiVIC1By8F8CWqSEWxKzlmTpNQ92qi1XIunxz3PT3YQ7w-VCj8K:1lUAti:kNRSKqgEFwdkA73FlZ5KMW3-X8eq3SrhgEKWSHvwYZE", "expire_date": "2021-04-21T16:19:18.848Z"}}, {"model": "sessions.session", "pk": "7k5b4fc2x1nsz5p1jbfuf8a7q5w7q9me", "fields": {"session_data": ".eJxVjDsOwyAQBe9CHSE-AUzK9DkDWnYhOIlAMnYV5e62JRdOOzPvfVmAZS5h6WkKI7Ebk-xyZhHwneou6AX12Ti2Ok9j5HvCD9v5o1H63I_276BAL9sahHJWaSfAktQ4ZCSJWZP3NkrAZK6wEYduQOmNcDmZDCJqBdmAV5H9VuzsOIE:1lYSFU:xOvpomC-udR_DEflUx57TpofOkWNNq32Byz92WW1-To", "expire_date": "2021-05-03T11:39:28.414Z"}}, {"model": "sessions.session", "pk": "80tecarki66pqhdok73t9zgls3u2wx3v", "fields": {"session_data": ".eJxVjDsOgzAQBe-ydWTZXsfYlOk5A9r1GkwSgcSnQtw9QaKhfTPzdmDqod7BQG2PB7S0raXdljy3g0ANCLeNKX3yeAJ509hPKk3jOg-sTkVddFHNJPn7utzbQaGl_GvWrgtP6YhZKBgbbfShMlkMa6sxW0QnDlFzTqwTeUsusA9RmxgxVnD8AH0MOxI:1lexQa:Ws5MgkVVnyAO_HdGC1E1aqtLoHICXfHV37cITLbh2cI", "expire_date": "2021-05-21T10:09:48.730Z"}}, {"model": "sessions.session", "pk": "bepfq7qqed01ndbczu0bcxw4sfdnl02g", "fields": {"session_data": ".eJxVjEEOwiAQRe_C2hBgsIUu3XsGMgNTWzWQQOvGeHfbpAvd_vf-e4uA6zKFtXENcxKDAHH63Qjjg_MO0h3zrchY8lJnkrsiD9rktSR-Xg73LzBhm7Y3KTu6cxqRKKHTxhvfuV5z0qSMAjYANlkARRxJRewMWked80p7D77fog1fHOY8FjEsdeXPF8kQPYk:1lfQwF:IuWBxHz_BWwlTP6p1H1DBnPzIDbLN5zeyy_ZIeZld5I", "expire_date": "2021-05-22T17:40:27.159Z"}}, {"model": "sessions.session", "pk": "foy0s6ee2s2f0ao96ms3z61jwba7z3dy", "fields": {"session_data": ".eJxVjEEOwiAQAP_C2RBogUqP3vsGsrsstmoggdaL8e_apAe9zkzmJQJs6xy2xjUsUYyiF6dfhkB3zruIN8jXIqnktS4o90QetsmpRH5cjvZvMEOb9-058WARcIjad0jgnU-OHJhkOm1NhGjJOJVsR54wqd4Ca9YajEKv6Dtt8OSw5FTEuNaN3x_zfz6n:1lm29q:xAnJUW9FN-EGV9nzovR0yU5ku2a9WW9OwfsmmULksao", "expire_date": "2021-06-09T22:37:46.752Z"}}, {"model": "sessions.session", "pk": "s9k7i4dgdbxnfg3yank594al4f6rz4dg", "fields": {"session_data": ".eJxVzEEOgjAQheG7zJoQCi1Ylu49QzOdTqVa24QCG-PdFWNM2L7_y3sCEuU1LWbjOfjAzvADQ4QxrTFW_7oWnmEECRUU3NiE5DOMHmPhCgyuy_QlJriP6uCwWaQ7pz24G6ZrrimnZQ623kn9q6W-ZMfx_LOHgwnLtN-ePA_Koh2c0K0l1L32PfUovWyFkg6dItk3XrWkyfqmU8iChUDZWN0QvN5eDVCF:1lk5i7:aE7BrUAwjKZTbZoEuuQsONLI8z7LnenqNlBPgZRQb6E", "expire_date": "2021-06-04T14:01:07.177Z"}}, {"model": "sessions.session", "pk": "yq8wblo4cbveps0wn4h4adqrzsqvfeec", "fields": {"session_data": ".eJxVjEEOgyAQAP_CuSGAgMVj776B7C4gtg0moifj31sSD-11ZjIH87Bv2e81rn4ObGAdu_0yBHrF0kR4QpkWTkvZ1hl5S_hlKx-XEN-Pq_0bZKi5be8p9gYB-yCdQgJnXbJkQSetpNEBgiFtRTKKHGESnYEoo5SgBTpB3ynCxIbjPD8HqjtP:1lhUtU:rBo2pRXE5iZTH529FbLdQPwyp8rN9xdiGfbQfZSVRjg", "expire_date": "2021-05-28T10:18:08.950Z"}}, {"model": "sessions.session", "pk": "z54z3i2z31zb9icy3gd54oxafrsgign6", "fields": {"session_data": ".eJxVjMsOwiAQRf-FtSEwLfSxdO83kIEZLGrAlDbRGP9dm3TT7T3n3I9wlWtNJTt-PdP8FqM6CYfrMrm18uwSiVGAOGwew53zBuiG-VpkKHmZk5ebInda5aUQP867eziYsE7_WiE1ukUfgBjUABwJMaIx1NguQt_oQSNEbawF7tuePWofrCHVtWAaFt8fJOE_Vw:1legrL:wdovFRx7_ktm6w1Nwo6WkYIKCSccG7FnXFLdyL70Ty4", "expire_date": "2021-05-20T16:28:19.947Z"}}, {"model": "sites.site", "pk": 1, "fields": {"domain": "winefulness.example.com", "name": "Winefulness"}}, {"model": "account.emailaddress", "pk": 1, "fields": {"user": 1, "email": "sadnj@ons.com", "verified": false, "primary": false}}, {"model": "account.emailaddress", "pk": 2, "fields": {"user": 2, "email": "qwe@qwe.qwe", "verified": false, "primary": false}}, {"model": "account.emailaddress", "pk": 3, "fields": {"user": 4, "email": "uyf@kjg.it", "verified": false, "primary": true}}, {"model": "account.emailaddress", "pk": 4, "fields": {"user": 3, "email": "n.spigaglia@gmail.com", "verified": true, "primary": true}}, {"model": "products.category", "pk": 1, "fields": {"name": "red", "friendly_name": "Red Wine"}}, {"model": "products.category", "pk": 2, "fields": {"name": "white", "friendly_name": "White Wine"}}, {"model": "products.category", "pk": 3, "fields": {"name": "sparkling", "friendly_name": "Sparkling Wines"}}, {"model": "products.product", "pk": 7, "fields": {"category": 1, "sku": "pp1616428374", "name": "Montefalco Rosso DOC", "description": "It pours a vibrant ruby red with aromas typical of the Montefalco soil: a fusion of balsamic and fruity notes ranging from cherry to currant, blackberry and plum. The mouthfeel is fresh with a balanced suite of tannins, and a rich perky flavour enlivens the fruity and balsamic tones. The wine is aged in large oak barrels for at least 12 months before bottling. Ideally matched with savoury dishes and mature cheeses.", "price": "18.22", "rating": "4.70", "image_url": "", "image": "montefalco-rosso.jpg"}}, {"model": "products.product", "pk": 8, "fields": {"category": 1, "sku": "pp1616428375", "name": "Montefalco Sagrantino Docg", "description": "It pours a deep ruby red. Its powerful aroma of wild cherries, blackberries and plums develops notes of graphite, liquorice, juniper berries and aromatic herbs. The tannic weave, the freshness, the alcohol and sugar are well balanced. This wine to lay down is aged in casks for at least 2 years and in glass for 2 more, improving over time for at least 10 years. It accompanies strong mature cheeses, superior cured meats, grilled meats and game meat.", "price": "25.69", "rating": "4.80", "image_url": "", "image": "montefalco-sagrantino.jpg"}}, {"model": "products.product", "pk": 9, "fields": {"category": 2, "sku": "pp1816428374", "name": "Arquata Umbria Bianco Igt", "description": "It pours a brilliant straw yellow colour. The initial aroma is of wild flowers and lavender, followed by notes of plum and apple. It is a full-bodied, freshly mineral and pleasantly fruity wine. Fermented and stored in stainless steel tanks, then fined in bottles for about 6 months. Ideal with appetizers, interesting with fish and white meat dishes.", "price": "16.80", "rating": "4.50", "image_url": "", "image": "arquata-umbria-bianco.jpg"}}, {"model": "products.product", "pk": 10, "fields": {"category": 2, "sku": "pp1816428375", "name": "Montefalco Grechetto Doc", "description": "It pours a strong straw yellow color. The aroma is elegant, marked by a delicate minerality enhanced by notes of peach, almond and hay. It is full-bodied and well-structured and holds a vivid acidity and an intense fruit-washed finish. As a young wine it is well-structured, balanced and mellow, yet holds interesting surprises after aging. It is fermented and stored in stainless steel tanks. It can accompany a wide variety of dishes: pulse and grain soups, superior cured meats, fresh or stretched curd cheeses and white meats. Interesting with pasta, grilled fish and shellfish.", "price": "21.34", "rating": "4.40", "image_url": "", "image": "montefalco-grechetto.jpg"}}, {"model": "products.product", "pk": 11, "fields": {"category": 1, "sku": "pp4716428376", "name": "Amarone Della Valpantena", "description": "A modern Amarone, balanced and elegant, with fruity notes of cherries and blackberries, appealing spicy notes typical of the Valpantena. Soft, silky and creamy palate.\r\nA full-bodied wine that requires pairing with rich dishes, mature cheeses and intense-ﬂavoured meat.", "price": "35.00", "rating": "4.72", "image_url": "", "image": "amarone-valpantena-bt.png"}}, {"model": "products.product", "pk": 12, "fields": {"category": 1, "sku": "pp1616428379", "name": "Recioto della Valpantena DOCG", "description": "Dense and velvety, but never cloying; sweet, fragrant and intense with typical notes of cherry, which are enhanced by the ageing. The sugars are not high, leaving a lingering aftertaste of fruits of the forest, chocolate and liquorice.\r\nIt goes well with oven-baked cakes and fruit tarts; it makes an intriguing pairing with young and medium-matured cheeses.", "price": "27.54", "rating": "4.83", "image_url": "", "image": "recioto-nuova-etichetta.png"}}, {"model": "products.product", "pk": 13, "fields": {"category": 2, "sku": "pp1816428377", "name": "Soave DOC", "description": "This wine recalls the ﬂavour and style of wines in the 1930s, which have come back into fashion today. It is a wine with a rich nose, with notes of peach, pear, apricot and gooseberry. A sapid and mineral palate, but soft and lingering at the same time.\r\nA white with great personality and complexity, it goes well with ﬂavoursome white meat dishes and intense-ﬂavoured ﬁsh dishes such as creamed dried cod.", "price": "22.83", "rating": "4.53", "image_url": "", "image": "soave-vintage.png"}}, {"model": "products.product", "pk": 14, "fields": {"category": 3, "sku": "pp1916428370", "name": "Attilio Brut", "description": "The ancient Nieddera variety, which is now a sparkling wine, has won a place in people’s hearts because it makes every day a celebration. \r\n\r\nIts bouquet is as subtle as a breath of spring air and as enjoyable as an unexpected flower. The bubbles sparkle in the glass and tickle the palate. This wine loves seafood but also appreciates white meat with light sauces and vegetable stews. But its favourite time of day is aperitif time.", "price": "20.12", "rating": "4.77", "image_url": "", "image": "attilio-brut.png"}}, {"model": "products.product", "pk": 15, "fields": {"category": 2, "sku": "pp1616428379", "name": "Tyrsos", "description": "This crisp wine delivers a pleasant salty\r\nminerality followed by fruit flavours that linger\r\non the finish. \r\nPair it with any starter or delicate seafood and\r\ncharcuterie.", "price": "19.80", "rating": "4.56", "image_url": "", "image": "tyrsos-bianco.png"}}, {"model": "products.product", "pk": 16, "fields": {"category": 2, "sku": "pp1816428379", "name": "Mamaioa Bianco", "description": "This crisp wine delivers a pleasant salty\r\nminerality followed by fruit flavours that linger\r\non the finish.\r\nPair it with any starter or delicate seafood\r\nand charcuterie.", "price": "22.00", "rating": "4.73", "image_url": "", "image": "mamaioa-bianco.png"}}, {"model": "products.product", "pk": 17, "fields": {"category": 2, "sku": "pp1816428378", "name": "I Giganti", "description": "This is a rich, structured wine with ample\r\nfreshness alongside a saline note. It will have\r\nplenty of life in the cellar. \r\nBest with well-structured, rich, savoury dishes.\r\nPerfect for seafood fregola topped with\r\nbottarga roe shavings.", "price": "45.00", "rating": "4.89", "image_url": "", "image": "igiganti-bianco.png"}}, {"model": "products.product", "pk": 18, "fields": {"category": 1, "sku": "pp1616428380", "name": "Nebbiolo d'Alba DOC Roccheri", "description": "Nebbiolo is a very eclectic grape variety. It extracts many mineral nutrients from the hills made of limestone and clay soil which enrich its structure, while taking on fragrant and fruity aromas from soil rich in limestone and fine quartz sand. This union creates a complete, elegant wine whose ample bouquet is fruity and harmonious.\r\n\r\nThe wine reaches its peak condition between 2 and 8 years of age.\r\n\r\nThe color is ruby-red with garnet highlights. The bouquet has fruity notes reminiscent of wild berries and fragrant hints of violet and wild rose. A light, spicy vanilla note enhances the ample, complex bouquet further. The taste is intense but perfectly balanced and harmonious, with understated, docile tannins.\r\n\r\nThanks to its structure, it is an excellent accompaniment to tasty hors d'oeuvres, first courses with rich sauces, roasted or stewed meats. It is the ideal companion for cold cuts and mature cheeses.", "price": "25.40", "rating": "4.80", "image_url": "", "image": "nebbiolo-roccheri.png"}}, {"model": "products.product", "pk": 19, "fields": {"category": 2, "sku": "pp47164283793", "name": "Roero Arneis DOCG", "description": "The grapes come from vineyards located on the steep hills of the Roero, characterized by predominantly calcareous-siliceous soils, particularly rich in quartz sand and fine clay mixed with thin, crumbly layers of sandstone. On these soft and permeable soils, which provide an abundance of trace elements while ensuring an immediate expression of the bouquet, the Arneis vine finds the ideal conditions for the expression of fresh and fragrant aromas.\r\n\r\nThe grapes are collected and quickly taken to the cellar where they are destemmed and delicately crushed to extract only the noblest and most aromatic parts of the skin and the outer area of the berry. The must is fermented in thermo-conditioned steel tanks at 20° C (68 F). Then the wine is stored in steel tanks or cement tanks lined with fiberglass to preserve its typical, fresh fragrance. The prolonged permanence on its own fermentation yeasts makes this wine long-lived and able to evolve even further once uncorked and poured in the glass.\r\nThe color is a pale straw-yellow and sometimes it has light antique-gold hues. The aroma is fruity with fragrant scents of acacia flowers, rennet apples, peaches and green hazelnuts. The taste is fresh, fragrant and lightly mineral.\r\n\r\nIt is traditionally served with delicate but intensely flavored appetizers such as veal in tuna sauce, flan, pasta with vegetables, rice salads, stewed, boiled or baked white meats. It is an ideal companion for raw or marinated fish.", "price": "27.40", "rating": "4.64", "image_url": "", "image": "roero-arneis.png"}}, {"model": "products.product", "pk": 20, "fields": {"category": 3, "sku": "pp1916428371", "name": "L' Intemporelle", "description": "Ideal for buffet dinners, it adds a special touch of class to the most appetizing canapés. Perfect also for multi-course meals, it is particularly recommended in combination with roasted cutlets, grilled sea bass in a salt crust, turbot cooked to taste or risotto with white truffle.", "price": "16.70", "rating": "4.60", "image_url": "", "image": "Intemporelle.png"}}, {"model": "products.product", "pk": 21, "fields": {"category": 3, "sku": "pp1916428372", "name": "Asti Spumante", "description": "The grapes used to produce our Asti Spumante come from vineyards with extraordinary exposure and soil composition. The grapes are delicately crushed and the must is immediately refrigerated to prevent fermentation.\r\nThe must is stocked in temperature-controlled tanks at a temperature of -2° C (28° F) as it waits to be processed later (for the development of the foam).\r\nThe froth is persistent, the perlage fine and abundant, the color straw yellow with golden reflections. Aromatic scent, intense, tending to orange blossom. Sweet and lively taste reminiscent of olfactory sensations.\r\n\r\nBeing a sweet and aromatic sparkling wine, it is a classic dessert wine. It is a wonderful accompaniment to desserts on all festive occasions.", "price": "21.00", "rating": "4.76", "image_url": "", "image": "asti-spumante.png"}}, {"model": "products.product", "pk": 22, "fields": {"category": 3, "sku": "pp1916428373", "name": "Rosé de Mailly", "description": "Our ultimate aperitif champagne, the Rosé de Mailly, will add a touch of Maison Mailly charm to any cocktail party. On a summer terrace or in front of a warm fireplace in winter, the Rosé de Mailly is a must! Particularly recommended with tapas, iberian jamon, small feathered game, roast white meat or venison fillet with cranberries (incredibly good also with blue cheeses). For a sweeter note, try the Rosé de Mailly with a berries-based dessert or a charlotte of Biscuits Roses de Reims - simply a heavenly accompaniment.\r\n\r\nChampagne rosé has always been a specialty of the House thanks to a terroir enriched by the ancient vineyards of Pinot Noir. Processed in a separate batch, this grape is harvested separately for a period of two days, then ordered on a triage table before destemming and light crushing - all under the watchful eye of the Master Winemaker.", "price": "24.80", "rating": "4.91", "image_url": "", "image": "rose-de-mailly.png"}}, {"model": "products.product", "pk": 23, "fields": {"category": 3, "sku": "pp1916428374", "name": "Blanc de Pinot Noir", "description": "Since it was first presented more than 30 years ago, Mailly's Blanc de Pinot Noir has become a benchmark in a now highly sought after Champagne category. Our Champagne adds a special touch to any occasion: ideal as an aperitif, but also quite versatile as a match for an entire meal. Blanc de Pinot Noir distinguishes itself among all the single vineyard cuvées, it is the result of maximum precision to enhance its Grand Cru terroir in the best possible way.", "price": "23.00", "rating": "4.82", "image_url": "", "image": "blanc-de-pinot-noir.png"}}, {"model": "products.product", "pk": 24, "fields": {"category": 3, "sku": "pp1916428375", "name": "Brut Reserves", "description": "Mailly's Brut Réserve is the perfect aperitif - a must for an important lunch or a romantic Champagne dinner. Excellent choice for a cocktail party. A Champagne designed for convivial events, particularly suitable in combination with dishes such as pike-perch on a bed of leeks, creamy cheeses such as Chaource, apple pies and ice cream.\r\n\r\nFruit of wise precision and 100% grapes from Grand Cru alone, the Mailly Brut Reserve embodies the typical style of winemaking that distinguishes us, an essential element in a market that usually judges a Maison by the quality of its Champagne Brut NV.", "price": "26.40", "rating": "4.57", "image_url": "", "image": "brut-reserve.png"}}, {"model": "checkout.order", "pk": 1, "fields": {"order_number": "", "user_profile": null, "full_name": "zx", "email": "n.spigaglia@gmail.com", "phone_number": "z", "country": "ZM", "postcode": "zx", "town_or_city": "xz", "street_address1": "xzx", "street_address2": "xz", "county": "zxxz", "date": "2021-05-07T15:24:38.584Z", "delivery_cost": "0.00", "order_total": "0.00", "grand_total": "0.00", "original_bag": "{\"1\": 5}", "stripe_pid": "pi_1IoVXCCAex9kg2wReT3YBcsz"}}, {"model": "checkout.order", "pk": 2, "fields": {"order_number": "", "user_profile": null, "full_name": "dad", "email": "n.spigaglia@gmail.com", "phone_number": "dadad", "country": "LA", "postcode": "lk", "town_or_city": "lk", "street_address1": "lk", "street_address2": "lk", "county": "lk", "date": "2021-05-07T15:42:50.927Z", "delivery_cost": "0.00", "order_total": "0.00", "grand_total": "0.00", "original_bag": "{\"1\": 5}", "stripe_pid": "pi_1IoVopCAex9kg2wRqnUzvICk"}}, {"model": "checkout.order", "pk": 3, "fields": {"order_number": "", "user_profile": null, "full_name": "bc", "email": "n.spigaglia@gmail.com", "phone_number": "bc", "country": "BS", "postcode": "bc", "town_or_city": "bc", "street_address1": "bc", "street_address2": "bc", "county": "bc", "date": "2021-05-07T16:07:48.608Z", "delivery_cost": "0.00", "order_total": "0.00", "grand_total": "0.00", "original_bag": "{\"1\": 5}", "stripe_pid": "pi_1IoWD0CAex9kg2wRtHy9zGk4"}}, {"model": "checkout.order", "pk": 4, "fields": {"order_number": "24FCDC0900BC451E8E44690E721825AE", "user_profile": null, "full_name": "bv", "email": "n.spigaglia@gmail.com", "phone_number": "bvbv", "country": "BS", "postcode": "vb", "town_or_city": "bv", "street_address1": "bv", "street_address2": "bv", "county": "b", "date": "2021-05-07T16:25:18.080Z", "delivery_cost": "0.00", "order_total": "0.00", "grand_total": "0.00", "original_bag": "{\"1\": 5}", "stripe_pid": "pi_1IoWTzCAex9kg2wRMYG7EruD"}}, {"model": "checkout.order", "pk": 5, "fields": {"order_number": "5830FB046BDE4D35AF69F2851ED92643", "user_profile": 2, "full_name": "vb", "email": "n.spigaglia@gmail.com", "phone_number": "vb", "country": "BS", "postcode": "vb", "town_or_city": "bv", "street_address1": "v", "street_address2": "bv", "county": "bv", "date": "2021-05-07T16:32:06.080Z", "delivery_cost": "0.00", "order_total": "0.00", "grand_total": "0.00", "original_bag": "{\"1\": 5}", "stripe_pid": "pi_1IoWabCAex9kg2wRIkApdYgn"}}, {"model": "checkout.order", "pk": 6, "fields": {"order_number": "E5EA75B24FD44F559CBE62651AA88AEB", "user_profile": 2, "full_name": "vb", "email": "n.spigaglia@gmail.com", "phone_number": "vb", "country": "BS", "postcode": "vb", "town_or_city": "bv", "street_address1": "v", "street_address2": "bv", "county": "bv", "date": "2021-05-07T16:36:49.475Z", "delivery_cost": "0.00", "order_total": "0.00", "grand_total": "0.00", "original_bag": "{\"1\": 5}", "stripe_pid": "pi_1IoWfGCAex9kg2wRecXs60ZH"}}, {"model": "checkout.order", "pk": 7, "fields": {"order_number": "FDBC45B123424599A6D8EE9765BD2D72", "user_profile": 2, "full_name": "lmlm", "email": "n.spigaglia@gmail.com", "phone_number": "mllm", "country": "BS", "postcode": "vb", "town_or_city": "m", "street_address1": "lm", "street_address2": "l", "county": "m", "date": "2021-05-08T14:53:54.082Z", "delivery_cost": "0.00", "order_total": "0.00", "grand_total": "0.00", "original_bag": "{\"1\": 10}", "stripe_pid": "pi_1IorWzCAex9kg2wRXELLrwKM"}}, {"model": "checkout.order", "pk": 8, "fields": {"order_number": "A2648BC14CA340EA961A42BB9F0D4BB4", "user_profile": 2, "full_name": "kjn", "email": "n.spigaglia@gmail.com", "phone_number": "mllm", "country": "BS", "postcode": "vb", "town_or_city": "m", "street_address1": "lm", "street_address2": "l", "county": "m", "date": "2021-05-08T15:02:20.679Z", "delivery_cost": "0.00", "order_total": "0.00", "grand_total": "0.00", "original_bag": "{\"1\": 1}", "stripe_pid": "pi_1Iorf6CAex9kg2wRN39sqULb"}}, {"model": "checkout.order", "pk": 9, "fields": {"order_number": "771A9B58B500452AA3E85646C73C5FEB", "user_profile": 2, "full_name": "kjn", "email": "n.spigaglia@gmail.com", "phone_number": "mllm", "country": "BS", "postcode": "vb", "town_or_city": "m", "street_address1": "lm", "street_address2": "l", "county": "m", "date": "2021-05-08T15:02:20.844Z", "delivery_cost": "0.00", "order_total": "0.00", "grand_total": "0.00", "original_bag": "{\"1\": 1}", "stripe_pid": "pi_1Iorf6CAex9kg2wRN39sqULb"}}, {"model": "checkout.order", "pk": 10, "fields": {"order_number": "0772598B88404410B4EDE19D1A8A6C63", "user_profile": 2, "full_name": "wer", "email": "n.spigaglia@gmail.com", "phone_number": "mllm", "country": "BS", "postcode": "vb", "town_or_city": "m", "street_address1": "lm", "street_address2": "l", "county": "m", "date": "2021-05-08T15:05:36.053Z", "delivery_cost": "0.00", "order_total": "0.00", "grand_total": "0.00", "original_bag": "{\"1\": 3}", "stripe_pid": "pi_1IoriNCAex9kg2wR46t4lD8Q"}}, {"model": "checkout.order", "pk": 11, "fields": {"order_number": "C3288ABCF65544B6A21DFBB8F64925A3", "user_profile": 2, "full_name": "asf", "email": "n.spigaglia@gmail.com", "phone_number": "mllm", "country": "BS", "postcode": "vb", "town_or_city": "m", "street_address1": "lm", "street_address2": "l", "county": "m", "date": "2021-05-08T16:43:06.966Z", "delivery_cost": "0.00", "order_total": "0.00", "grand_total": "0.00", "original_bag": "{\"1\": 2}", "stripe_pid": "pi_1IotEnCAex9kg2wRnfHg3D9s"}}, {"model": "checkout.order", "pk": 12, "fields": {"order_number": "E4B0C2ABAA0C4CA9950C45FB0B897B3A", "user_profile": null, "full_name": "kjbcjb", "email": "iubgi@hgd.com", "phone_number": "ug", "country": "OM", "postcode": "h", "town_or_city": "ho", "street_address1": "hoi", "street_address2": "ho", "county": "ho", "date": "2021-05-19T17:49:13.236Z", "delivery_cost": "0.00", "order_total": "0.00", "grand_total": "0.00", "original_bag": "{\"2\": 1}", "stripe_pid": "pi_1IstVXCAex9kg2wRmYyBPs61"}}, {"model": "checkout.order", "pk": 13, "fields": {"order_number": "8BBBE2475F7C4189963966663B4F670F", "user_profile": null, "full_name": "sadfsa", "email": "sajhbv@kjg.com", "phone_number": "jhv", "country": "UG", "postcode": "hv", "town_or_city": "uv", "street_address1": "ihv", "street_address2": "ug", "county": "hv", "date": "2021-05-20T10:44:21.230Z", "delivery_cost": "0.00", "order_total": "0.00", "grand_total": "0.00", "original_bag": "{\"1\": 1}", "stripe_pid": "pi_1It9LqCAex9kg2wRbMdv0sv6"}}, {"model": "checkout.order", "pk": 14, "fields": {"order_number": "B6E6CCB0137945EA88C4304A7A44DFC1", "user_profile": null, "full_name": "kjb", "email": "kj@kjh.com", "phone_number": "ojb", "country": "KZ", "postcode": "k;jb", "town_or_city": "on", "street_address1": "jb", "street_address2": "okn", "county": "on", "date": "2021-05-24T13:22:04.739Z", "delivery_cost": "0.00", "order_total": "0.00", "grand_total": "0.00", "original_bag": "{\"2\": 1}", "stripe_pid": "pi_1IudiKCAex9kg2wRHuUjdEFY"}}, {"model": "checkout.order", "pk": 15, "fields": {"order_number": "4BB2D7E7DED54997961638A3BAAFEDD0", "user_profile": 2, "full_name": "Giggly", "email": "n.spigaglia@gmail.com", "phone_number": "mllm", "country": "BS", "postcode": "vb", "town_or_city": "m", "street_address1": "lm", "street_address2": "l", "county": "m", "date": "2021-05-26T13:46:49.668Z", "delivery_cost": "0.00", "order_total": "0.00", "grand_total": "0.00", "original_bag": "{\"4\": 1}", "stripe_pid": "pi_1IvN3kCAex9kg2wRm6CnpCjz"}}, {"model": "profiles.userprofile", "pk": 1, "fields": {"user": 2, "default_phone_number": "", "default_street_address1": "", "default_street_address2": "", "default_town_or_city": "", "default_county": "", "default_postcode": "", "default_country": ""}}, {"model": "profiles.userprofile", "pk": 2, "fields": {"user": 3, "default_phone_number": "mllm", "default_street_address1": "lm", "default_street_address2": "l", "default_town_or_city": "m", "default_county": "m", "default_postcode": "vb", "default_country": "BS"}}, {"model": "profiles.userprofile", "pk": 3, "fields": {"user": 4, "default_phone_number": "", "default_street_address1": "", "default_street_address2": "", "default_town_or_city": "", "default_county": "", "default_postcode": "", "default_country": ""}}, {"model": "winemakers.winemakers", "pk": 3, "fields": {"producer_name": "Cantine Adanti", "heading": "Cantine Adanti is one of the historic cellars of the Montefalco area in Umbria, famous for its wines protected as Sagrantino and Montefalco Rosso.", "location": "Via Belvedere 2 – Loc. Arquata\r\n06031 Bevagna – Perugia (Italy)", "content": "Cantine Adanti is one of the historic cellars of the Montefalco area in Umbria, famous for its wines protected as Sagrantino and Montefalco Rosso.\r\n\r\nIt covers about 40 hectares of land, of which 30 to vineyards and 10 to olive groves, located in the hilly areas of Arquata and Colcimino, famous since ancient times for its high quality of olive oil and wine.\r\n\r\nThe company was founded in the years 60s of the last century, when Domenico Adanti decides to buy the villa Arquata beginning the renovation of the old convent of the Friars Celestine, built on the ruins of the Roman period and then the late Renaissance, and performing at once the replanting of old vines and plant new ones.", "image_url": "", "image": "adanti-arquata-underground.jpg"}}, {"model": "winemakers.winemakers", "pk": 4, "fields": {"producer_name": "Bertani", "heading": "The Bertani winery was founded in 1857 by the brothers Giovan Battista and Gaetano Bertani, in  Quinto di Valpantena, north of Verona.", "location": "Via Asiago, 1\r\n37023 Grezzana (VR)", "content": "With over 200 hectares of vineyards in the most suitable areas of the Verona province, today Bertani is a solid winery with a constantly increasing distribution in Europe and the rest of the world. There are two historic wineries, one in Grezzana, the current base and pulsing heart of the company, where vinification, bottling and shipment are carried out, and Tenuta Novare in Arbizzano di Negrar, in the heart of the Valpolicella Classica area, the cradle of great reds like Amarone and Valpolicella Classico Superiore.\r\n\r\nAs an icon of Italian wine in the world, Bertani combines typicity of native grape varieties with continuous improvement in the vineyards and attention to the terroir.\r\n\r\nRespect for tradition is balanced by innovation and great business acumen in order to achieve the highest quality: these are the fundamental principles of the winery, today also the reference point for the great national group: Bertani Domains.", "image_url": "", "image": "bertani.jpg"}}, {"model": "winemakers.winemakers", "pk": 5, "fields": {"producer_name": "Vinicontini", "heading": "For 120 years, the Contini estate has been inspired by a single guiding principle, Vernaccia di Oristano.", "location": "Via Genova, n. 48-50, 09072\r\nCabras - Oristano", "content": "First there was Salvatore, then Attilio, and today Paolo and his nephews, Alessandro and Mauro: the Contini winery has grown and aged, just like its wines, and enjoyed successes that have made it what it is today, thanks to the passion and commitment of no fewer than four generations.\r\nOver the years, Vernaccia has been joined by other fine wines: the age-old Nieddera variety, traditional Vermentino and Cannonau wines, successful experiments like Karmis, the Attilio range, and the organic wine Mamaioa. Today the company produces a complete selection of wines which are sold throughout Italy and abroad. It is continuously evolving, introducing new winemaking techniques and ideas. Maybe that is why Contini wines stand the test of time, because they are loved and fondly remembered.", "image_url": "", "image": "vinicontini-storage.jpg"}}, {"model": "winemakers.winemakers", "pk": 6, "fields": {"producer_name": "Marchesi di Barolo", "heading": "Marchesi di Barolo historical cellars are located in the town of Barolo, in the building overlooking the Castle of the Marquis Falletti.", "location": "Via Roma, 1 - 12060 Barolo", "content": "Pietro Abbona, thanks to his skill and tenacity, together with his brother Ernesto and his sisters Marina and Celestina, was eventually able to acquire the ancient cellars of vinification and refinement of the Marchesi di Barolo estate from the Opera Pia Barolo.\r\n\r\nToday the Abbona Family continues the work that began more than two centuries ago: producing high quality wines meant to enrich, year after year, the history of this important cellar where modernity and tradition meet and where a great heritage of vineyards and knowledge has been passed down from parents to children for over five generations.", "image_url": "", "image": "marchesi-di-barolo.jpg"}}, {"model": "winemakers.comments", "pk": 1, "fields": {"winemakers": null, "user": 3, "comment": "vscvsd", "date_time": "2021-05-21T13:52:19.384Z"}}, {"model": "winemakers.comments", "pk": 2, "fields": {"winemakers": null, "user": 3, "comment": "kjdndsojndsxondxo", "date_time": "2021-05-21T14:01:07.079Z"}}, {"model": "winemakers.comments", "pk": 3, "fields": {"winemakers": null, "user": 3, "comment": "kjnascfjvlknklsdg", "date_time": "2021-05-26T15:42:55.910Z"}}]